{
  "map50": 0.9351676043366061,
  "map50_95": 0.8692457263501338,
  "precision": 0.8947952265132015,
  "recall": 0.9412993090017518,
  "f1_score": 0.9174583416440775,
  "per_class_ap": {
    "Barg-sBlack-20Oz": 0.9750000000000001,
    "Bueno-shareSize": 0.995,
    "Cheetos-Crunchy": 0.995,
    "Cheetos-Crunchy-Flamin-Hot": 0.995,
    "Cheetos-Puffs": 0.995,
    "Cheetos-crunchy-Flamin-Hot-Limon": 0.995,
    "Cheetos-crunchy-XXTRA-Flamin-Hot": 0.995,
    "Cherry-Coca-cola 20Oz": 0.9888888888888889,
    "CherryVanilla-Coca-cola 20Oz": 0.995,
    "Chips-Ahoy": 0.995,
    "Chips-Ahoy-KingSize": 0.995,
    "Coca-cola 20Oz": 0.995,
    "CocaCola-16Oz": 0.995,
    "Crunch": 0.8253571428571427,
    "Crush-16Oz": 0.995,
    "DORITOS-Cool-Ranch": 0.995,
    "DORITOS-Nacho-Cheese": 0.995,
    "DORITOS-Spicy-Nacho": 0.995,
    "DietCoca-cola 20Oz": 0.995,
    "Dr.Papper-1L": 0.37212626368495777,
    "Dr.Papper-Can16oz": 0.0,
    "Fanta-Can16oz": 0.0,
    "Fanta-Grape-20Oz": 0.984,
    "Fanta20Oz": 0.995,
    "FantaZero20Oz": 0.995,
    "Funyuns-Onion-flavored-rings-Flamin-hot": 0.995,
    "Lay-s-Barbecue": 0.995,
    "Lay-s-Classic": 0.995,
    "Lay-s-Limon": 0.995,
    "Lenny-Larry-s-BirthdayCake": 0.995,
    "Lenny-Larry-s-ChocolateChips": 0.8941384615384618,
    "Lenny-Larry-s-DoubleChocolateChips": 0.9394444444444443,
    "Lenny-Larry-s-PeanutButter": 0.995,
    "Lenny-Larry-s-PeanutButter-ChocolateChips": 0.995,
    "Lenny-Larry-s-Snickerdoodle": 0.995,
    "MinuteMaid-FruitPunch": 0.995,
    "MinuteMaid-PinkLemonade": 0.995,
    "MinuteMaidBlueRaspberry-20Oz": 0.995,
    "MinuteMaidLemonade-20Oz": 0.995,
    "MtnDew-16Oz": 0.995,
    "Nerds-shareSize": 0.995,
    "Oreo": 0.995,
    "Oreo-DoubleStuf-KingSize": 0.8934857142857142,
    "Oreo-KingSize": 0.995,
    "PayDay-shareSize": 0.995,
    "Skittles-shareSize": 0.9612745098039216,
    "SourPunch-shareSize": 0.995,
    "Spiced-Coca-cola 20Oz": 0.995,
    "Sprite-Can16oz": 0.995,
    "Sprite-Cherry-20Oz": 0.995,
    "Sprite-TropicalMix-20Oz": 0.995,
    "Sprite-Zero-20Oz": 0.995
  },
  "per_class_precision": {
    "Barg-sBlack-20Oz": 1.0,
    "Bueno-shareSize": 0.9667087829277755,
    "Cheetos-Crunchy": 0.9717495161083557,
    "Cheetos-Crunchy-Flamin-Hot": 0.8572317283979293,
    "Cheetos-Puffs": 0.9630765639096045,
    "Cheetos-crunchy-Flamin-Hot-Limon": 0.9574612399309504,
    "Cheetos-crunchy-XXTRA-Flamin-Hot": 0.9563065718658829,
    "Cherry-Coca-cola 20Oz": 0.9391337072368299,
    "CherryVanilla-Coca-cola 20Oz": 0.9655508962001209,
    "Chips-Ahoy": 0.970810495833902,
    "Chips-Ahoy-KingSize": 0.970121992615857,
    "Coca-cola 20Oz": 0.9824633122977084,
    "CocaCola-16Oz": 0.9828996037005495,
    "Crunch": 0.5137274931077892,
    "Crush-16Oz": 0.8928892073291699,
    "DORITOS-Cool-Ranch": 1.0,
    "DORITOS-Nacho-Cheese": 0.9702165040926832,
    "DORITOS-Spicy-Nacho": 0.95181028651425,
    "DietCoca-cola 20Oz": 0.975673603302616,
    "Dr.Papper-1L": 0.20167232518748712,
    "Dr.Papper-Can16oz": 0.0,
    "Fanta-Can16oz": 0.0,
    "Fanta-Grape-20Oz": 0.8870217937282732,
    "Fanta20Oz": 0.9773320617572603,
    "FantaZero20Oz": 0.9999753053146144,
    "Funyuns-Onion-flavored-rings-Flamin-hot": 0.9629470369867896,
    "Lay-s-Barbecue": 0.9670087723918589,
    "Lay-s-Classic": 0.9546242239633381,
    "Lay-s-Limon": 0.9700943956467095,
    "Lenny-Larry-s-BirthdayCake": 0.9477166759046669,
    "Lenny-Larry-s-ChocolateChips": 0.8766732586894116,
    "Lenny-Larry-s-DoubleChocolateChips": 0.8801958471169382,
    "Lenny-Larry-s-PeanutButter": 0.968374105998969,
    "Lenny-Larry-s-PeanutButter-ChocolateChips": 0.9644305274969299,
    "Lenny-Larry-s-Snickerdoodle": 0.9594067835859549,
    "MinuteMaid-FruitPunch": 0.9626279838823604,
    "MinuteMaid-PinkLemonade": 1.0,
    "MinuteMaidBlueRaspberry-20Oz": 0.9760055869568879,
    "MinuteMaidLemonade-20Oz": 0.9765069811514753,
    "MtnDew-16Oz": 1.0,
    "Nerds-shareSize": 0.8520971949703063,
    "Oreo": 0.948059077027113,
    "Oreo-DoubleStuf-KingSize": 1.0,
    "Oreo-KingSize": 0.8477427231750465,
    "PayDay-shareSize": 0.9766672380175236,
    "Skittles-shareSize": 0.8770305001939929,
    "SourPunch-shareSize": 0.9903548588398776,
    "Spiced-Coca-cola 20Oz": 0.9755455466477291,
    "Sprite-Can16oz": 0.9540364938395159,
    "Sprite-Cherry-20Oz": 0.9526536475943048,
    "Sprite-TropicalMix-20Oz": 0.9706418422490349,
    "Sprite-Zero-20Oz": 0.9640774850001306
  },
  "per_class_recall": {
    "Barg-sBlack-20Oz": 0.8036497526622127,
    "Bueno-shareSize": 1.0,
    "Cheetos-Crunchy": 1.0,
    "Cheetos-Crunchy-Flamin-Hot": 1.0,
    "Cheetos-Puffs": 1.0,
    "Cheetos-crunchy-Flamin-Hot-Limon": 1.0,
    "Cheetos-crunchy-XXTRA-Flamin-Hot": 1.0,
    "Cherry-Coca-cola 20Oz": 1.0,
    "CherryVanilla-Coca-cola 20Oz": 1.0,
    "Chips-Ahoy": 1.0,
    "Chips-Ahoy-KingSize": 1.0,
    "Coca-cola 20Oz": 1.0,
    "CocaCola-16Oz": 1.0,
    "Crunch": 0.7980462258772624,
    "Crush-16Oz": 1.0,
    "DORITOS-Cool-Ranch": 1.0,
    "DORITOS-Nacho-Cheese": 1.0,
    "DORITOS-Spicy-Nacho": 1.0,
    "DietCoca-cola 20Oz": 1.0,
    "Dr.Papper-1L": 1.0,
    "Dr.Papper-Can16oz": 0.0,
    "Fanta-Can16oz": 0.0,
    "Fanta-Grape-20Oz": 1.0,
    "Fanta20Oz": 1.0,
    "FantaZero20Oz": 1.0,
    "Funyuns-Onion-flavored-rings-Flamin-hot": 1.0,
    "Lay-s-Barbecue": 1.0,
    "Lay-s-Classic": 1.0,
    "Lay-s-Limon": 1.0,
    "Lenny-Larry-s-BirthdayCake": 1.0,
    "Lenny-Larry-s-ChocolateChips": 0.8888888888888888,
    "Lenny-Larry-s-DoubleChocolateChips": 0.9217626240524444,
    "Lenny-Larry-s-PeanutButter": 1.0,
    "Lenny-Larry-s-PeanutButter-ChocolateChips": 1.0,
    "Lenny-Larry-s-Snickerdoodle": 1.0,
    "MinuteMaid-FruitPunch": 1.0,
    "MinuteMaid-PinkLemonade": 0.9597950629349609,
    "MinuteMaidBlueRaspberry-20Oz": 1.0,
    "MinuteMaidLemonade-20Oz": 1.0,
    "MtnDew-16Oz": 0.8655886857111389,
    "Nerds-shareSize": 1.0,
    "Oreo": 1.0,
    "Oreo-DoubleStuf-KingSize": 0.7098328279641846,
    "Oreo-KingSize": 1.0,
    "PayDay-shareSize": 1.0,
    "Skittles-shareSize": 1.0,
    "SourPunch-shareSize": 1.0,
    "Spiced-Coca-cola 20Oz": 1.0,
    "Sprite-Can16oz": 1.0,
    "Sprite-Cherry-20Oz": 1.0,
    "Sprite-TropicalMix-20Oz": 1.0,
    "Sprite-Zero-20Oz": 1.0
  },
  "inference_time_ms": 3.7139614459856354,
  "fps": 269.25427593786276,
  "preprocess_time_ms": 0.896235459377577,
  "postprocess_time_ms": 0.20626130073061497,
  "embedding_time_ms": null,
  "similarity_search_time_ms": null,
  "milvus_hit_rate": null,
  "true_positives": 0,
  "false_positives": 0,
  "false_negatives": 0
}