{
  "map50": 0.9413591367460143,
  "map50_95": 0.8613036859246537,
  "precision": 0.8719815248310041,
  "recall": 0.9326833406519898,
  "f1_score": 0.901311542785508,
  "per_class_ap": {
    "Barg-sBlack-20Oz": 0.9730000000000001,
    "Bueno-shareSize": 0.995,
    "Cheetos-Crunchy": 0.995,
    "Cheetos-Crunchy-Flamin-Hot": 0.995,
    "Cheetos-Puffs": 0.995,
    "Cheetos-crunchy-Flamin-Hot-Limon": 0.995,
    "Cheetos-crunchy-XXTRA-Flamin-Hot": 0.995,
    "Cherry-Coca-cola 20Oz": 0.9888888888888889,
    "CherryVanilla-Coca-cola 20Oz": 0.995,
    "Chips-Ahoy": 0.995,
    "Chips-Ahoy-KingSize": 0.995,
    "Coca-cola 20Oz": 0.995,
    "CocaCola-16Oz": 0.995,
    "Crunch": 0.745,
    "Crush-16Oz": 0.995,
    "DORITOS-Cool-Ranch": 0.995,
    "DORITOS-Nacho-Cheese": 0.995,
    "DORITOS-Spicy-Nacho": 0.995,
    "DietCoca-cola 20Oz": 0.995,
    "Dr.Papper-1L": 0.7907565835698825,
    "Dr.Papper-Can16oz": 0.0,
    "Fanta-Can16oz": 0.0,
    "Fanta-Grape-20Oz": 0.995,
    "Fanta20Oz": 0.995,
    "FantaZero20Oz": 0.995,
    "Funyuns-Onion-flavored-rings-Flamin-hot": 0.995,
    "Lay-s-Barbecue": 0.995,
    "Lay-s-Classic": 0.995,
    "Lay-s-Limon": 0.995,
    "Lenny-Larry-s-BirthdayCake": 0.995,
    "Lenny-Larry-s-ChocolateChips": 0.9246000000000002,
    "Lenny-Larry-s-DoubleChocolateChips": 0.8844444444444444,
    "Lenny-Larry-s-PeanutButter": 0.995,
    "Lenny-Larry-s-PeanutButter-ChocolateChips": 0.995,
    "Lenny-Larry-s-Snickerdoodle": 0.995,
    "MinuteMaid-FruitPunch": 0.995,
    "MinuteMaid-PinkLemonade": 0.995,
    "MinuteMaidBlueRaspberry-20Oz": 0.995,
    "MinuteMaidLemonade-20Oz": 0.995,
    "MtnDew-16Oz": 0.995,
    "Nerds-shareSize": 0.995,
    "Oreo": 0.995,
    "Oreo-DoubleStuf-KingSize": 0.9056608695652173,
    "Oreo-KingSize": 0.984,
    "PayDay-shareSize": 0.995,
    "Skittles-shareSize": 0.9593243243243242,
    "SourPunch-shareSize": 0.995,
    "Spiced-Coca-cola 20Oz": 0.995,
    "Sprite-Can16oz": 0.995,
    "Sprite-Cherry-20Oz": 0.995,
    "Sprite-TropicalMix-20Oz": 0.995,
    "Sprite-Zero-20Oz": 0.995
  },
  "per_class_precision": {
    "Barg-sBlack-20Oz": 0.8886078250805205,
    "Bueno-shareSize": 1.0,
    "Cheetos-Crunchy": 0.944208755502702,
    "Cheetos-Crunchy-Flamin-Hot": 0.9459157840018957,
    "Cheetos-Puffs": 0.9394382670480816,
    "Cheetos-crunchy-Flamin-Hot-Limon": 0.8262177065441325,
    "Cheetos-crunchy-XXTRA-Flamin-Hot": 0.9402976362498309,
    "Cherry-Coca-cola 20Oz": 0.9428958356618057,
    "CherryVanilla-Coca-cola 20Oz": 0.9388765396620112,
    "Chips-Ahoy": 0.9127700770868983,
    "Chips-Ahoy-KingSize": 0.9616227401059882,
    "Coca-cola 20Oz": 0.9713402766534843,
    "CocaCola-16Oz": 0.8442963594921917,
    "Crunch": 0.6140217088937674,
    "Crush-16Oz": 0.9035982020280113,
    "DORITOS-Cool-Ranch": 0.9057503543320309,
    "DORITOS-Nacho-Cheese": 0.723113579253496,
    "DORITOS-Spicy-Nacho": 0.9562006298818011,
    "DietCoca-cola 20Oz": 0.9385299631339882,
    "Dr.Papper-1L": 0.22663425594914785,
    "Dr.Papper-Can16oz": 0.0,
    "Fanta-Can16oz": 0.0,
    "Fanta-Grape-20Oz": 0.9154882194823655,
    "Fanta20Oz": 0.945170132600257,
    "FantaZero20Oz": 0.9402701127796451,
    "Funyuns-Onion-flavored-rings-Flamin-hot": 0.9403573595701713,
    "Lay-s-Barbecue": 0.9285191404324675,
    "Lay-s-Classic": 0.9297087242603819,
    "Lay-s-Limon": 0.9386873249228981,
    "Lenny-Larry-s-BirthdayCake": 0.9468100249396503,
    "Lenny-Larry-s-ChocolateChips": 0.9400728745003879,
    "Lenny-Larry-s-DoubleChocolateChips": 0.8727652058942624,
    "Lenny-Larry-s-PeanutButter": 0.8815810181283968,
    "Lenny-Larry-s-PeanutButter-ChocolateChips": 1.0,
    "Lenny-Larry-s-Snickerdoodle": 0.8922826384839665,
    "MinuteMaid-FruitPunch": 0.9556248207326357,
    "MinuteMaid-PinkLemonade": 0.9003572072176741,
    "MinuteMaidBlueRaspberry-20Oz": 1.0,
    "MinuteMaidLemonade-20Oz": 0.977801830791922,
    "MtnDew-16Oz": 1.0,
    "Nerds-shareSize": 0.9095515036544296,
    "Oreo": 0.9180499955886231,
    "Oreo-DoubleStuf-KingSize": 1.0,
    "Oreo-KingSize": 0.8181073748698774,
    "PayDay-shareSize": 1.0,
    "Skittles-shareSize": 0.8538649653925692,
    "SourPunch-shareSize": 0.904565504220046,
    "Spiced-Coca-cola 20Oz": 0.9626787848271574,
    "Sprite-Can16oz": 0.9288864569846373,
    "Sprite-Cherry-20Oz": 0.9061869657203299,
    "Sprite-TropicalMix-20Oz": 0.9803010466973422,
    "Sprite-Zero-20Oz": 0.9310135619583352
  },
  "per_class_recall": {
    "Barg-sBlack-20Oz": 1.0,
    "Bueno-shareSize": 0.691451750021647,
    "Cheetos-Crunchy": 1.0,
    "Cheetos-Crunchy-Flamin-Hot": 1.0,
    "Cheetos-Puffs": 1.0,
    "Cheetos-crunchy-Flamin-Hot-Limon": 1.0,
    "Cheetos-crunchy-XXTRA-Flamin-Hot": 1.0,
    "Cherry-Coca-cola 20Oz": 0.9721250419125017,
    "CherryVanilla-Coca-cola 20Oz": 1.0,
    "Chips-Ahoy": 1.0,
    "Chips-Ahoy-KingSize": 1.0,
    "Coca-cola 20Oz": 1.0,
    "CocaCola-16Oz": 1.0,
    "Crunch": 0.802581408351628,
    "Crush-16Oz": 1.0,
    "DORITOS-Cool-Ranch": 1.0,
    "DORITOS-Nacho-Cheese": 1.0,
    "DORITOS-Spicy-Nacho": 1.0,
    "DietCoca-cola 20Oz": 1.0,
    "Dr.Papper-1L": 1.0,
    "Dr.Papper-Can16oz": 0.0,
    "Fanta-Can16oz": 0.0,
    "Fanta-Grape-20Oz": 1.0,
    "Fanta20Oz": 1.0,
    "FantaZero20Oz": 1.0,
    "Funyuns-Onion-flavored-rings-Flamin-hot": 1.0,
    "Lay-s-Barbecue": 1.0,
    "Lay-s-Classic": 1.0,
    "Lay-s-Limon": 1.0,
    "Lenny-Larry-s-BirthdayCake": 1.0,
    "Lenny-Larry-s-ChocolateChips": 0.8888888888888888,
    "Lenny-Larry-s-DoubleChocolateChips": 0.859356441259837,
    "Lenny-Larry-s-PeanutButter": 1.0,
    "Lenny-Larry-s-PeanutButter-ChocolateChips": 0.9360804157881897,
    "Lenny-Larry-s-Snickerdoodle": 1.0,
    "MinuteMaid-FruitPunch": 1.0,
    "MinuteMaid-PinkLemonade": 1.0,
    "MinuteMaidBlueRaspberry-20Oz": 0.9567616843838267,
    "MinuteMaidLemonade-20Oz": 1.0,
    "MtnDew-16Oz": 0.8672840038471239,
    "Nerds-shareSize": 1.0,
    "Oreo": 1.0,
    "Oreo-DoubleStuf-KingSize": 0.7385476746857657,
    "Oreo-KingSize": 1.0,
    "PayDay-shareSize": 0.8531230714307263,
    "Skittles-shareSize": 0.9333333333333333,
    "SourPunch-shareSize": 1.0,
    "Spiced-Coca-cola 20Oz": 1.0,
    "Sprite-Can16oz": 1.0,
    "Sprite-Cherry-20Oz": 1.0,
    "Sprite-TropicalMix-20Oz": 1.0,
    "Sprite-Zero-20Oz": 1.0
  },
  "inference_time_ms": 3.7834573243319913,
  "fps": 264.3085184465667,
  "preprocess_time_ms": 0.8615828446144823,
  "postprocess_time_ms": 0.1930697532795445,
  "embedding_time_ms": null,
  "similarity_search_time_ms": null,
  "milvus_hit_rate": null,
  "true_positives": 0,
  "false_positives": 0,
  "false_negatives": 0
}