{
  "map50": 0.11243586563882266,
  "map50_95": 0.11243586563882266,
  "precision": 0.1873767258345685,
  "recall": 0.19038076151923083,
  "f1_score": 0.1888667942013329,
  "per_class_ap": {
    "Barg-sBlack-20Oz": 0.0,
    "Bueno-shareSize": 0.2424242416161616,
    "Cheetos-Crunchy": 0.0,
    "Cheetos-Crunchy-Flamin-Hot": 0.0,
    "Cheetos-Puffs": 0.0,
    "Cheetos-crunchy-Flamin-Hot-Limon": 0.0,
    "Cheetos-crunchy-XXTRA-Flamin-Hot": 0.3555030814150803,
    "Cherry-Coca-cola 20Oz": 0.0,
    "CherryVanilla-Coca-cola 20Oz": 0.03636363629090909,
    "Chips-Ahoy": 0.3575757552444444,
    "Chips-Ahoy-KingSize": 0.03636363629090909,
    "Coca-cola 20Oz": 0.05627705613894042,
    "CocaCola-16Oz": 0.0,
    "Crunch": 0.2424242416161616,
    "Crush-16Oz": 0.030303030252525252,
    "DORITOS-Cool-Ranch": 0.0,
    "DORITOS-Nacho-Cheese": 0.0,
    "DORITOS-Spicy-Nacho": 0.3575757567636364,
    "DietCoca-cola 20Oz": 0.0,
    "Dr.Papper-1L": 0.0,
    "Dr.Papper-Can16oz": 0.2424242416161616,
    "Fanta-Can16oz": 0.0,
    "Fanta-Grape-20Oz": 0.18181818136363637,
    "Fanta20Oz": 0.04545454534090909,
    "FantaZero20Oz": 0.1818181815151515,
    "Funyuns-Onion-flavored-rings-Flamin-hot": 0.08557232216094421,
    "Lay-s-Barbecue": 0.0,
    "Lay-s-Classic": 0.0,
    "Lay-s-Limon": 0.0,
    "Lenny-Larry-s-BirthdayCake": 0.3030303010774411,
    "Lenny-Larry-s-ChocolateChips": 0.12121212107744106,
    "Lenny-Larry-s-DoubleChocolateChips": 0.3463203441517213,
    "Lenny-Larry-s-PeanutButter": 0.03636363629090909,
    "Lenny-Larry-s-PeanutButter-ChocolateChips": 0.54545454375,
    "Lenny-Larry-s-Snickerdoodle": 0.25858585810460155,
    "MinuteMaid-FruitPunch": 0.10909090887272728,
    "MinuteMaid-PinkLemonade": 0.025974025936920223,
    "MinuteMaidBlueRaspberry-20Oz": 0.0,
    "MinuteMaidLemonade-20Oz": 0.0,
    "MtnDew-16Oz": 0.0,
    "Nerds-shareSize": 0.3636363618181818,
    "Oreo": 0.0,
    "Oreo-DoubleStuf-KingSize": 0.09090909075757575,
    "Oreo-KingSize": 0.030303030252525252,
    "PayDay-shareSize": 0.2424242416161616,
    "Skittles-shareSize": 0.0,
    "SourPunch-shareSize": 0.3030303008080808,
    "Spiced-Coca-cola 20Oz": 0.0,
    "Sprite-Can16oz": 0.18181818000000002,
    "Sprite-Cherry-20Oz": 0.10909090887272728,
    "Sprite-TropicalMix-20Oz": 0.21212121153198651,
    "Sprite-Zero-20Oz": 0.4155844142980829,
    "Sprite20Oz": 0.10909090887272727,
    "Sprite40Oz": 0.022727272698863633,
    "Vanilla-Coca-cola 20Oz": 0.007575757569444444,
    "Whatchamacallit-kingSize": 0.14545454516363637,
    "dietCoke-Can16oz": 0.0,
    "skittles-smoothies-shareSize": 0.18181818136363637,
    "zeroCocaCola-16Oz": 0.02020202017957351
  },
  "per_class_precision": {
    "Barg-sBlack-20Oz": 0.0,
    "Bueno-shareSize": 0.49999999875,
    "Cheetos-Crunchy": 0.0,
    "Cheetos-Crunchy-Flamin-Hot": 0.0,
    "Cheetos-Puffs": 0.0,
    "Cheetos-crunchy-Flamin-Hot-Limon": 0.0,
    "Cheetos-crunchy-XXTRA-Flamin-Hot": 0.5454545449586776,
    "Cherry-Coca-cola 20Oz": 0.0,
    "CherryVanilla-Coca-cola 20Oz": 0.1111111109876543,
    "Chips-Ahoy": 0.49999999916666665,
    "Chips-Ahoy-KingSize": 0.14285714265306124,
    "Coca-cola 20Oz": 0.1111111110493827,
    "CocaCola-16Oz": 0.0,
    "Crunch": 0.33333333277777777,
    "Crush-16Oz": 0.1111111109876543,
    "DORITOS-Cool-Ranch": 0.0,
    "DORITOS-Nacho-Cheese": 0.0,
    "DORITOS-Spicy-Nacho": 0.4736842102770083,
    "DietCoca-cola 20Oz": 0.0,
    "Dr.Papper-1L": 0.0,
    "Dr.Papper-Can16oz": 0.3999999992,
    "Fanta-Can16oz": 0.0,
    "Fanta-Grape-20Oz": 0.24999999968749997,
    "Fanta20Oz": 0.1111111109876543,
    "FantaZero20Oz": 0.3333333329629629,
    "Funyuns-Onion-flavored-rings-Flamin-hot": 0.05494505493901703,
    "Lay-s-Barbecue": 0.0,
    "Lay-s-Classic": 0.0,
    "Lay-s-Limon": 0.0,
    "Lenny-Larry-s-BirthdayCake": 0.3999999996,
    "Lenny-Larry-s-ChocolateChips": 0.3333333329629629,
    "Lenny-Larry-s-DoubleChocolateChips": 0.4444444439506172,
    "Lenny-Larry-s-PeanutButter": 0.1111111109876543,
    "Lenny-Larry-s-PeanutButter-ChocolateChips": 0.5999999993999999,
    "Lenny-Larry-s-Snickerdoodle": 0.4444444439506172,
    "MinuteMaid-FruitPunch": 0.2857142853061225,
    "MinuteMaid-PinkLemonade": 0.12499999984374999,
    "MinuteMaidBlueRaspberry-20Oz": 0.0,
    "MinuteMaidLemonade-20Oz": 0.0,
    "MtnDew-16Oz": 0.0,
    "Nerds-shareSize": 0.49999999875,
    "Oreo": 0.0,
    "Oreo-DoubleStuf-KingSize": 0.2857142853061225,
    "Oreo-KingSize": 0.14285714265306124,
    "PayDay-shareSize": 0.3999999992,
    "Skittles-shareSize": 0.0,
    "SourPunch-shareSize": 0.3999999992,
    "Spiced-Coca-cola 20Oz": 0.0,
    "Sprite-Can16oz": 0.1999999996,
    "Sprite-Cherry-20Oz": 0.33333333277777777,
    "Sprite-TropicalMix-20Oz": 0.3636363633057851,
    "Sprite-Zero-20Oz": 0.49999999937499995,
    "Sprite20Oz": 0.1874999998828125,
    "Sprite40Oz": 0.1111111109876543,
    "Vanilla-Coca-cola 20Oz": 0.07142857137755101,
    "Whatchamacallit-kingSize": 0.3999999992,
    "dietCoke-Can16oz": 0.0,
    "skittles-smoothies-shareSize": 0.33333333277777777,
    "zeroCocaCola-16Oz": 0.1111111109876543
  },
  "per_class_recall": {
    "Barg-sBlack-20Oz": 0.0,
    "Bueno-shareSize": 0.3999999992,
    "Cheetos-Crunchy": 0.0,
    "Cheetos-Crunchy-Flamin-Hot": 0.0,
    "Cheetos-Puffs": 0.0,
    "Cheetos-crunchy-Flamin-Hot-Limon": 0.0,
    "Cheetos-crunchy-XXTRA-Flamin-Hot": 0.5454545449586776,
    "Cherry-Coca-cola 20Oz": 0.0,
    "CherryVanilla-Coca-cola 20Oz": 0.1111111109876543,
    "Chips-Ahoy": 0.49999999916666665,
    "Chips-Ahoy-KingSize": 0.14285714265306124,
    "Coca-cola 20Oz": 0.11764705875432525,
    "CocaCola-16Oz": 0.0,
    "Crunch": 0.33333333277777777,
    "Crush-16Oz": 0.1111111109876543,
    "DORITOS-Cool-Ranch": 0.0,
    "DORITOS-Nacho-Cheese": 0.0,
    "DORITOS-Spicy-Nacho": 0.4736842102770083,
    "DietCoca-cola 20Oz": 0.0,
    "Dr.Papper-1L": 0.0,
    "Dr.Papper-Can16oz": 0.3999999992,
    "Fanta-Can16oz": 0.0,
    "Fanta-Grape-20Oz": 0.33333333277777777,
    "Fanta20Oz": 0.12499999984374999,
    "FantaZero20Oz": 0.3333333329629629,
    "Funyuns-Onion-flavored-rings-Flamin-hot": 0.26315789459833794,
    "Lay-s-Barbecue": 0.0,
    "Lay-s-Classic": 0.0,
    "Lay-s-Limon": 0.0,
    "Lenny-Larry-s-BirthdayCake": 0.4444444439506172,
    "Lenny-Larry-s-ChocolateChips": 0.3333333329629629,
    "Lenny-Larry-s-DoubleChocolateChips": 0.4444444439506172,
    "Lenny-Larry-s-PeanutButter": 0.1111111109876543,
    "Lenny-Larry-s-PeanutButter-ChocolateChips": 0.6666666659259258,
    "Lenny-Larry-s-Snickerdoodle": 0.4444444439506172,
    "MinuteMaid-FruitPunch": 0.2857142853061225,
    "MinuteMaid-PinkLemonade": 0.12499999984374999,
    "MinuteMaidBlueRaspberry-20Oz": 0.0,
    "MinuteMaidLemonade-20Oz": 0.0,
    "MtnDew-16Oz": 0.0,
    "Nerds-shareSize": 0.3999999992,
    "Oreo": 0.0,
    "Oreo-DoubleStuf-KingSize": 0.2857142853061225,
    "Oreo-KingSize": 0.14285714265306124,
    "PayDay-shareSize": 0.3999999992,
    "Skittles-shareSize": 0.0,
    "SourPunch-shareSize": 0.3999999992,
    "Spiced-Coca-cola 20Oz": 0.0,
    "Sprite-Can16oz": 0.1999999996,
    "Sprite-Cherry-20Oz": 0.2222222219753086,
    "Sprite-TropicalMix-20Oz": 0.4444444439506172,
    "Sprite-Zero-20Oz": 0.49999999937499995,
    "Sprite20Oz": 0.19999999986666667,
    "Sprite40Oz": 0.12499999984374999,
    "Vanilla-Coca-cola 20Oz": 0.07142857137755101,
    "Whatchamacallit-kingSize": 0.3999999992,
    "dietCoke-Can16oz": 0.0,
    "skittles-smoothies-shareSize": 0.33333333277777777,
    "zeroCocaCola-16Oz": 0.1111111109876543
  },
  "inference_time_ms": 5.388454783732831,
  "fps": 185.5819599746653,
  "preprocess_time_ms": 0.0,
  "postprocess_time_ms": 0.0,
  "embedding_time_ms": 4.844698926302752,
  "similarity_search_time_ms": 1.11400370941683,
  "milvus_hit_rate": 0.0,
  "true_positives": 95,
  "false_positives": 412,
  "false_negatives": 404
}