{
  "train_loss": [
    16.710189598232674,
    13.243896889287,
    11.139094314095694,
    9.246355713412749,
    7.547383543499355,
    6.208468024957114,
    5.225411424423729,
    4.314743271420122,
    3.592402864434866,
    3.0159618966073296,
    2.6016135650307106,
    2.269612876230112,
    1.9546795402492225,
    1.7853187303886067,
    1.5613557600400634,
    1.3607729871720908,
    1.231395494442579,
    1.0677975374768234,
    0.9705036252882727,
    0.8395231475106664,
    0.8034756937891495,
    0.7397965744356286,
    0.6610569525275941,
    0.5933971643602662,
    0.5407438227105573,
    0.4981178543777543,
    0.463923379263773,
    0.43226677185515017,
    0.4224117305025708,
    0.37129866981400206,
    0.37079907752711366,
    0.3326180314478678,
    0.3002848993868479,
    0.2874812984009216,
    0.2895876252067707,
    0.2950440955380181,
    0.2529039001573585,
    0.2532585708362014,
    0.24147247212650202,
    0.24308768335590658,
    0.23815441771160664,
    0.20361648378932756,
    0.2168089471566855,
    0.18946020595447094,
    0.20466344080918714,
    0.20220376789965278,
    0.19659622477376626,
    0.19641306392449168,
    0.18124750457988928,
    0.19608187008608138
  ],
  "train_acc": [
    1.3462715272314014,
    11.128595156919312,
    15.919223708366117,
    22.370836611591923,
    31.759769210595334,
    40.63292245825684,
    46.62120814756535,
    53.01162689046245,
    59.524433954016956,
    64.97071422327126,
    68.97456071334906,
    72.61124224145468,
    75.49610979980767,
    77.39312876999738,
    79.37756796922808,
    81.55433167234898,
    83.19783197831978,
    84.35177900166099,
    86.58973686511058,
    87.2279045371099,
    88.05839671299938,
    88.51298190401259,
    89.56202465250459,
    90.41874289710638,
    91.18804091266719,
    91.73004633272139,
    92.4294081650494,
    92.6916688521724,
    93.0675758370487,
    93.5571291196783,
    93.53964507387009,
    94.18655476877349,
    94.50126759332109,
    95.00830492175889,
    94.8859166011015,
    95.00830492175889,
    95.1831453798409,
    95.64647259375819,
    95.8387970976484,
    95.8562811434566,
    95.65521461666229,
    96.2059620596206,
    96.2671562199493,
    96.6692892735379,
    96.06608969315499,
    96.2846402657575,
    96.2059620596206,
    96.1884780138124,
    96.6692892735379,
    96.4769647696477
  ],
  "val_loss": [
    18.01650381088257,
    17.334906697273254,
    17.086633622646332,
    16.33856964111328,
    16.08507412672043,
    15.623536825180054,
    14.919323921203613,
    14.387475609779358,
    13.855234861373901,
    13.539057493209839,
    13.07778012752533,
    12.465194702148438,
    12.166478961706161,
    11.560488998889923,
    11.119302809238434,
    10.759618639945984,
    10.943765491247177,
    10.636234134435654,
    10.298039883375168,
    9.98994916677475,
    9.755844444036484,
    9.855812102556229,
    9.497306525707245,
    9.635953813791275,
    9.482348799705505,
    9.392834603786469,
    9.33414950966835,
    9.392157137393951,
    9.381012231111526,
    9.030027598142624,
    9.373410135507584,
    9.30312505364418,
    9.193570226430893,
    9.09591355919838,
    9.153324633836746,
    8.942780613899231,
    8.96652466058731,
    9.214182496070862,
    9.141950875520706,
    9.065750986337662,
    9.112219095230103,
    9.028481274843216,
    9.041615724563599,
    8.904421329498291,
    9.03703761100769,
    8.996214359998703,
    8.815711259841919,
    8.968417823314667,
    8.995599836111069,
    9.072629868984222
  ],
  "val_acc": [
    7.8028747433264884,
    9.44558521560575,
    11.293634496919918,
    13.347022587268993,
    17.248459958932237,
    21.149897330595483,
    24.229979466119097,
    29.363449691991786,
    32.85420944558521,
    34.70225872689939,
    36.75564681724846,
    40.6570841889117,
    41.06776180698152,
    42.299794661190965,
    45.58521560574949,
    48.049281314168375,
    48.87063655030801,
    50.718685831622174,
    50.92402464065709,
    55.030800821355236,
    55.85215605749487,
    54.620123203285424,
    55.441478439425055,
    58.110882956878854,
    59.13757700205339,
    57.28952772073922,
    59.5482546201232,
    59.75359342915811,
    60.98562628336756,
    60.780287474332646,
    61.190965092402465,
    62.217659137577,
    62.83367556468173,
    63.449691991786445,
    64.68172484599589,
    63.65503080082136,
    62.217659137577,
    62.83367556468173,
    63.03901437371663,
    63.65503080082136,
    64.27104722792608,
    63.860369609856264,
    64.27104722792608,
    64.06570841889118,
    63.65503080082136,
    63.860369609856264,
    63.860369609856264,
    64.27104722792608,
    63.65503080082136,
    64.06570841889118
  ]
}