Experiment,mAP@0.5,Precision,Recall,F1-Score,FPS,Inference Time (ms),Milvus Hit Rate
YOLOv8_Baseline_488_Classes,0.9413591367460143,0.8719815248310041,0.9326833406519898,0.901311542785508,264.3085184465667,3.7834573243319913,0.0
YOLOv11_Baseline_488_Classes,0.9351676043366061,0.8947952265132015,0.9412993090017518,0.9174583416440775,255.8513468785306,3.908519584517824,0.0
YOLOv8_DOLG_Milvus_Hybrid,0.1138054941234405,0.1893491124223008,0.19238476953522274,0.19085486577186989,187.81504025578468,5.3243872196715625,12.22879684418146
YOLOv8_DOLG_Milvus_HighThreshold,0.1138054941234405,0.1893491124223008,0.19238476953522274,0.19085486577186989,188.22812481705932,5.312702344412714,12.22879684418146
